file,true,pred,top1_score,top2_score
khong_4.wav,khong,khong,36.48000229322869,38.64019717004476
khong_5.wav,khong,khong,21.278265486057535,23.91872771128919
mot_4.wav,mot,bon,20.830795874910883,20.838134279278655
mot_5.wav,mot,mot,21.90029945034063,25.694139742216922
hai_4.wav,hai,hai,22.633572496820918,24.659758438270522
hai_5.wav,hai,hai,23.349656873497015,24.65515078681412
ba_4.wav,ba,ba,20.329847120654925,23.848261425727756
ba_5.wav,ba,hai,17.63960150716202,28.58391101725707
bon_4.wav,bon,bon,24.958563637007423,26.620695010364102
bon_5.wav,bon,bon,22.949490382276437,23.781921022703564
